date,string,string,string,string,string,string,string,string,string,string,string,string,string
11-11-2024,"Patrolman/SSE/PWI/PNT (Sec1-DBRT) SPGN-NTSK : P1(521.000-45.300)",862491071319824,SSE(PW)/PNT,SEC(PW)NTSK,521.000-45.300,Patrolman,1,521.000,45.300,"3.85 km",14.400,"10.5 km","Duty Not Completed"
11-11-2024,"Patrolman/SSE/PWI/PNT (Sec1-DBRT) SPGN-NTSK : P1(521.000-45.300)",862491071319824,SSE(PW)/PNT,SEC(PW)NTSK,521.000-45.300,Patrolman,2,521.000,45.300,"3.8 km",14.400,"10.52 km","Duty Not Completed"
11-11-2024,"Patrolman/SSE/PWI/FKG (Sec1-FKG/WC) FKG Station - JMI : P28(329.980-328.320)",862491071243263,SSE(PW)/FKG,SEC(PW)BBGN,329.980-328.320,Patrolman,1,329.980,328.320,"4.08 km",9.960,"5.88 km","Duty Not Completed"
11-11-2024,"Patrolman/SSE/PWI/PNT (Sec1-DBRT) LHL-CKW : P2(5.800-10.000)",862491071222531,SSE(PW)/PNT,SEC(PW)DBRT,5.800-10.000,Patrolman,2,5.800,10.000,"7.76 km",16.800,"8.74 km","Duty Not Completed"
11-11-2024,"Patrolman/SSE/PWI/PNT (Sec1-DBRT) LHL-CKW : P2(5.800-10.000)",862491071222531,SSE(PW)/PNT,SEC(PW)DBRT,5.800-10.000,Patrolman,1,5.800,10.000,"0.7 km",16.800,"15.99 km","Duty Not Completed"
11-11-2024,"Patrolman/SSE/PWI/PNT (Sec1-DBRT) LHL-DKM : P3(10.000-18.200)",862491071197758,SSE(PW)/PNT,SEC(PW)DBRT,10.000-18.200,Patrolman,2,10.000,18.200,"7.39 km",16.400,"7.07 km","Duty Not Completed"
11-11-2024,"Patrolman/SSE/PWI/PNT (Sec1-DBRT) LHL-DKM : P3(10.000-18.200)",862491071197758,SSE(PW)/PNT,SEC(PW)DBRT,10.000-18.200,Patrolman,1,10.000,18.200,"2.06 km",16.400,"9.97 km","Duty Not Completed"
11-11-2024,"Patrolman/SSE/PWI/FKG (Sec1-BBGN) FKG-GLGT : P1(0.000-7.080)",862491071273658,SSE(PW)/FKG,SEC(PW)BBGN,0.000-7.080,Patrolman,2,0.000,7.080,"0.95 km",14.160,"13.21 km","Duty Not Completed"
11-11-2024,"Patrolman/SSE/PWI/FKG (Sec1-BBGN) FKG-GLGT : P1(0.000-7.080)",862491071273658,SSE(PW)/FKG,SEC(PW)BBGN,0.000-7.080,Patrolman,1,0.000,7.080,"0 km",14.160,"14.16 km","Duty Not Completed"
11-11-2024,"Patrolman/SSE/PWI/FKG (Sec1-BBGN) GLGT-NMGY : P3(22.780-15.120)",862491071332801,SSE(PW)/FKG,SEC(PW)BBGN,22.780-15.120,Patrolman,1,22.780,15.120,"0 km",15.320,"15.32 km","Duty Not Completed"
11-11-2024,"Patrolman/SSE/PWI/FKG (Sec1-BBGN) NMGY-BBGN : P4(22.780-31.340)",862491071250649,SSE(PW)/FKG,SEC(PW)BBGN,22.780-31.340,Patrolman,1,22.780,31.340,"2.26 km",17.120,"11.15 km","Duty Not Completed"
11-11-2024,"Patrolman/SSE/PWI/DBRG (Sec1-TNGN) DMGN-DGBC-Y/Line : P1(15.8 to 19.100-24.500 to 26.000)",862491071277410,SSE(PW)/DBRG,SEC(PW)TNGN,"15.8 to 19.100-24.500 to 26.000",Patrolman,1,"15.8 to 19.100","24.500 to 26.000","4.68 km",4.800,"0.12 km","Duty Not Completed"
11-11-2024,"Patrolman/SSE/PWI/DBRG (Sec1-TNGN) DMGN-DGBC-Y/Line : P1(15.8 to 19.100-24.500 to 26.000)",862491071277410,SSE(PW)/DBRG,SEC(PW)TNGN,"15.8 to 19.100-24.500 to 26.000",Patrolman,2,"15.8 to 19.100","24.500 to 26.000","3.41 km",4.800,"1.35 km","Duty Not Completed"
11-11-2024,"Patrolman/SSE/PWI/DBRG (Sec1-TNGN) TNGN-DGBC : P3(25.700-32.400)",862491071250979,SSE(PW)/DBRG,SEC(PW)TNGN,25.700-32.400,Patrolman,1,25.700,32.400,"0.31 km",6.700,"6.35 km","Duty Not Completed"
11-11-2024,"Stock/SSE/PWI/DBRG (Sec1-TNGN) -- : Stock(---)",862491071224164,SSE(PW)/DBRG,SEC(PW)TNGN,-,Stock,1,,,"6.07 km",6.800,"0.67 km","Duty Not Completed"
11-11-2024,"Patrolman/SSE/PWI/DBRG (Sec1-TNGN) KOWN-MRHT : P9(11.800-6.000)",862491071272965,SSE(PW)/DBRG,SEC(PW)TNGN,11.800-6.000,Patrolman,3,11.800,6.000,"0 km",5.800,"5.73 km","Duty Not Completed"
11-11-2024,"Patrolman/SSE/PWI/DBRG (Sec1-TNGN) KOWN-MRHT : P9(11.800-6.000)",862491071272965,SSE(PW)/DBRG,SEC(PW)TNGN,11.800-6.000,Patrolman,2,11.800,6.000,"0 km",5.800,"5.73 km","Duty Not Completed"
11-11-2024,"Patrolman/SSE/PWI/DBRG (Sec1-TNGN) LPK-DBRG : P11(21.800-12.000)",862491071267767,SSE(PW)/DBRG,SEC(PW)TNGN,21.800-12.000,Patrolman,1,21.800,12.000,"3.02 km",9.800,"6.78 km","Duty Not Completed"
11-11-2024,"Patrolman/SSE/PWI/FKG (Sec1-JTTN) BLMR-JTTN : P8(62.250-54.410)",862491071192171,SSE(PW)/FKG,SEC(PW)JTTN,62.250-54.410,Patrolman,1,62.250,54.410,"5.33 km",15.680,"10.15 km","Duty Not Completed"
11-11-2024,"Patrolman/SSE/PWI/FKG (Sec1-JTTN) BLMR-JTTN : P8(62.250-54.410)",862491071192171,SSE(PW)/FKG,SEC(PW)JTTN,62.250-54.410,Patrolman,2,62.250,54.410,"5.85 km",15.680,"9.57 km","Duty Not Completed"
11-11-2024,"Patrolman/SSE/PWI/DBRG (Sec1-TNGN) DBRG-LPK : P12(2.600-12.000)",862491071255234,SSE(PW)/DBRG,SEC(PW)TNGN,2.600-12.000,Patrolman,1,2.600,12.000,"3.32 km",9.400,"5.99 km","Duty Not Completed"
11-11-2024,"Patrolman/SSE/PWI/FKG (Sec1-JTTN) BLMR-JTTN : P9(67.630-62.250)",862491071308249,SSE(PW)/FKG,SEC(PW)JTTN,67.630-62.250,Patrolman,1,67.630,62.250,"5.7 km",10.760,"5.01 km","Duty Not Completed"
11-11-2024,"Patrolman/SSE/PWI/FKG (Sec1-JTTN) BLMR-JTTN : P9(67.630-62.250)",862491071308249,SSE(PW)/FKG,SEC(PW)JTTN,67.630-62.250,Patrolman,2,67.630,62.250,"2.79 km",10.760,"7.97 km","Duty Not Completed"
11-11-2024,"Patrolman/SSE/PWI/FKG (Sec1-JTTN) JTTN-CMA : P10(67.630-74.450)",862491071202178,SSE(PW)/FKG,SEC(PW)JTTN,67.630-74.450,Patrolman,2,67.630,74.450,"6.15 km",13.640,"7.45 km","Duty Not Completed"
11-11-2024,"Patrolman/SSE/PWI/FKG (Sec1-JTTN) JTTN-CMA : P10(67.630-74.450)",862491071202178,SSE(PW)/FKG,SEC(PW)JTTN,67.630-74.450,Patrolman,1,67.630,74.450,"7.27 km",13.640,"5.58 km","Duty Not Completed"
11-11-2024,"Patrolman/SSE/PWI/SPTR (Sec1-DMC) BBNB:SBGN : P6(381.72-384.97)",862491071251167,SSE/PW/SPTR,SEC(PW)DMC,-,Patrolman,1,,,"5.57 km",9.320,"3.75 km","Duty Not Completed"
11-11-2024,"Patrolman/SSE/PWI/SPTR (Sec1-DMC) BBNB:SBGN : P6(381.72-384.97)",862491071251167,SSE/PW/SPTR,SEC(PW)DMC,-,Patrolman,2,,,"6.27 km",9.320,"2.85 km","Duty Not Completed"
11-11-2024,"Patrolman/SSE/PWI/SPTR (Sec1-DMC) SPTR-ACPR : P8(388.23-397.66)",862491071325839,SSE/PW/SPTR,SEC(PW)DMC,388.23-397.66,Patrolman,2,388.23,397.66,"5.45 km",26.000,"17.58 km","Duty Not Completed"
11-11-2024,"Patrolman/SSE/PWI/SPTR (Sec1-DMC) SPTR-ACPR : P8(388.23-397.66)",862491071325839,SSE/PW/SPTR,SEC(PW)DMC,388.23-397.66,Patrolman,1,388.23,397.66,"9.19 km",26.000,"15.92 km","Duty Not Completed"
11-11-2024,"Patrolman/SSE/PWI/SPTR (Sec1-DMC) ACPR-DIPA : P9(397.66-407.55)",862491071247363,SSE/PW/SPTR,SEC(PW)DMC,397.66-407.55,Patrolman,1,397.66,407.55,"6.52 km",15.860,"6.99 km","Duty Not Completed"
11-11-2024,"Patrolman/SSE/PWI/SPTR (Sec1-DMC) ACPR-DIPA : P9(397.66-407.55)",862491071247363,SSE/PW/SPTR,SEC(PW)DMC,397.66-407.55,Patrolman,2,397.66,407.55,"9.45 km",15.860,"6.28 km","Duty Not Completed"
11-11-2024,"Patrolman/SSE/PWI/SPTR (Sec1-DMC) JIZ - T Q M : P11(416.03-424.63)",862491071327322,SSE/PW/SPTR,SEC(PW)DMC,416.03-424.63,Patrolman,1,416.03,424.63,"5.23 km",18.600,"13.29 km","Duty Not Completed"
11-11-2024,"Patrolman/SSE/PWI/SPTR (Sec1-DMC) JIZ - T Q M : P11(416.03-424.63)",862491071327322,SSE/PW/SPTR,SEC(PW)DMC,416.03-424.63,Patrolman,2,416.03,424.63,"7.49 km",18.600,"11.02 km","Duty Not Completed"
11-11-2024,"Patrolman/SSE/PWI/FKG (Sec1-JTTN) CMA-MXN : P12(85.510-79.880)",862491071216061,SSE(PW)/FKG,SEC(PW)JTTN,85.510-79.880,Patrolman,2,85.510,79.880,"2.77 km",11.260,"8.49 km","Duty Not Completed"
11-11-2024,"Patrolman/SSE/PWI/FKG (Sec1-JTTN) CMA-MXN : P12(85.510-79.880)",862491071216061,SSE(PW)/FKG,SEC(PW)JTTN,85.510-79.880,Patrolman,1,85.510,79.880,"5.31 km",11.260,"5.92 km","Duty Not Completed"
11-11-2024,"Patrolman/SSE/PWI/NLP/E (Sec1-NLP) LBI-BGND : P4(304.270-308.800)",862491071272163,SSE/PW/NLP(E),SEC/PW/NLP,304.270-308.800,Patrolman,1,304.270,308.800,"7.58 km",18.120,"10.43 km","Duty Not Completed"
11-11-2024,"Patrolman/SSE/PWI/NLP/E (Sec1-NLP) LBI-BGND : P4(304.270-308.800)",862491071272163,SSE/PW/NLP(E),SEC/PW/NLP,304.270-308.800,Patrolman,2,304.270,308.800,"9.22 km",18.120,"8.39 km","Duty Not Completed"
11-11-2024,"Patrolman/SSE/PWI/NLP/E (Sec1-NLP) LBI-BGND : P7(321.190-317.600)",862491071283061,SSE/PW/NLP(E),SEC/PW/NLP,321.190-317.600,Patrolman,1,321.190,317.600,"7.86 km",14.360,"6.25 km","Duty Not Completed"
11-11-2024,"Patrolman/SSE/PWI/FKG (Sec1-BBGN) BBGN-BLMR : P6(39.830-47.110)",862491071222192,SSE(PW)/FKG,SEC(PW)BBGN,39.830-47.110,Patrolman,2,39.830,47.110,"0 km",,"-0.42 km","Duty Not Completed"
11-11-2024,"Patrolman/SSE/PWI/FKG (Sec1-BBGN) BBGN-BLMR : P6(39.830-47.110)",862491071222192,SSE(PW)/FKG,SEC(PW)BBGN,39.830-47.110,Patrolman,3,39.830,47.110,"0 km",0.0,"0 km","Duty Not Completed"
11-11-2024,"Patrolman/SSE/PWI/FKG (Sec1-BBGN) BBGN-BLMR : P6(39.830-47.110)",862491071222192,SSE(PW)/FKG,SEC(PW)BBGN,39.830-47.110,Patrolman,1,39.830,47.110,"0 km",0.0,"0 km","Duty Not Completed"
11-11-2024,"Patrolman/SSE/PWI/FKG (Sec1-JTTN) BLMR-BBGN : P7(54.41-47.11)",862491071192379,SSE(PW)/FKG,SEC(PW)JTTN,54.41-47.11,Patrolman,1,54.41,47.11,"0 km",0.0,"0 km","Duty Not Completed"
11-11-2024,"Patrolman/SSE/PWI/NLP/E (Sec1-NLP) BGND-GOM : P8(321.190-326.190)",862491071221459,SSE/PW/NLP(E),SEC/PW/NLP,321.190-326.190,Patrolman,1,321.190,326.190,"8.4 km",20.000,"11.37 km","Duty Not Completed"
11-11-2024,"Patrolman/SSE/PWI/NLP/E (Sec1-NLP) BGND-GOM : P8(321.190-326.190)",862491071221459,SSE/PW/NLP(E),SEC/PW/NLP,321.190-326.190,Patrolman,2,321.190,326.190,"6.6 km",20.000,"13.26 km","Duty Not Completed"
11-11-2024,"Patrolman/SSE/PWI/NLP/E (Sec1-NLP) BGND-GOM : P9(331.170-326.190)",862491071332926,SSE/PW/NLP(E),SEC/PW/NLP,331.170-326.190,Patrolman,2,331.170,326.190,"4.96 km",19.920,"14.49 km","Duty Not Completed"
11-11-2024,"Patrolman/SSE/PWI/NLP/E (Sec1-NLP) BGND-GOM : P9(331.170-326.190)",862491071332926,SSE/PW/NLP(E),SEC/PW/NLP,331.170-326.190,Patrolman,1,331.170,326.190,"4.35 km",19.920,"14.9 km","Duty Not Completed"
11-11-2024,"Patrolman/SSE/PWI/NLP/E (Sec1-NLP) BGND-GOM : P10(331.170-335.500)",862491071223703,SSE/PW/NLP(E),SEC/PW/NLP,331.170-335.500,Patrolman,3,331.170,335.500,"6.79 km",17.320,"10.45 km","Duty Not Completed"
11-11-2024,"Patrolman/SSE/PWI/NLP/E (Sec1-NLP) BGND-GOM : P10(331.170-335.500)",862491071223703,SSE/PW/NLP(E),SEC/PW/NLP,331.170-335.500,Patrolman,4,331.170,335.500,"0 km",17.320,"17.32 km","Duty Not Completed"
11-11-2024,"Patrolman/SSE/PWI/NLP/E (Sec1-NLP) BGND-GOM : P10(331.170-335.500)",862491071223703,SSE/PW/NLP(E),SEC/PW/NLP,331.170-335.500,Patrolman,2,331.170,335.500,"7.52 km",17.320,"8.99 km","Duty Not Completed"
11-11-2024,"Patrolman/SSE/PWI/NLP/E (Sec1-NLP) BGND-GOM : P10(331.170-335.500)",862491071223703,SSE/PW/NLP(E),SEC/PW/NLP,331.170-335.500,Patrolman,1,331.170,335.500,"0 km",17.320,"17.32 km","Duty Not Completed"
11-11-2024,"Patrolman/SSE/PWI/NLP/E (Sec1-NLP) BGND-GOM : P11(339.580-335.500)",862491071332827,SSE/PW/NLP(E),SEC/PW/NLP,339.580-335.500,Patrolman,3,339.580,335.500,"8 km",16.320,"8.08 km","Duty Not Completed"
11-11-2024,"Patrolman/SSE/PWI/NLP/E (Sec1-NLP) BGND-GOM : P11(339.580-335.500)",862491071332827,SSE/PW/NLP(E),SEC/PW/NLP,339.580-335.500,Patrolman,1,339.580,335.500,"0.09 km",16.320,"16.17 km","Duty Not Completed"
11-11-2024,"Patrolman/SSE/PWI/NLP/E (Sec1-NLP) GOM-BDLN : P13(345.700-343.700)",862491071250862,SSE/PW/NLP(E),SEC/PW/NLP,345.700-343.700,Patrolman,2,345.700,343.700,"5.42 km",8.000,"2.58 km","Duty Not Completed"
11-11-2024,"Patrolman/SSE/PWI/NLP/E (Sec1-NLP) GOM-BDLN : P13(345.700-343.700)",862491071250862,SSE/PW/NLP(E),SEC/PW/NLP,345.700-343.700,Patrolman,1,345.700,343.700,"5.39 km",8.000,"2.55 km","Duty Not Completed"
11-11-2024,"Patrolman/SSE/PWI/NAM (Sec1-SPK) SPGN-CGF-DJG : P1(520/930-514/640)",862491071208225,SSE(PW)/NAM,SEC(PW)NHK,520/930-514/640,Patrolman,1,520/930,514/640,"6.09 km",6.650,"0.14 km","Duty Not Completed"
11-11-2024,"Patrolman/SSE/PWI/NAM (Sec1-SPK) SPGN-CGF-DJG : P1(520/930-514/640)",862491071208225,SSE(PW)/NAM,SEC(PW)NHK,520/930-514/640,Patrolman,2,520/930,514/640,"5.64 km",6.650,"0.88 km","Duty Not Completed"
11-11-2024,"Patrolman/SSE/PWI/NAM (Sec1-SPK) CGF-DJG : P2(508/580 ST-136-512/320)",862491071191058,SSE(PW)/NAM,SEC(PW)NHK,"508/580 ST-136",Patrolman,1,"508/580 ST",136,"4.32 km",5.930,"1.54 km","Duty Not Completed"
11-11-2024,"Patrolman/SSE/PWI/NAM (Sec1-SPK) BFD-SPK : P8(483.120-476.650)",862491071222861,SSE(PW)/NAM,SEC(PW)SPK,483.120-476.650,Patrolman,1,483.120,476.650,"5.12 km",6.470,"1.19 km","Duty Not Completed"
11-11-2024,"Patrolman/SSE/PWI/NAM (Sec1-SPK) SPK-BFD : P9(470.250-476.650)",862491071224073,SSE(PW)/NAM,SEC(PW)SPK,470.250-476.650,Patrolman,2,470.250,476.650,"0 km",6.400,"6.4 km","Duty Not Completed"
11-11-2024,"Patrolman/SSE/PWI/NAM (Sec1-SPK) SPK-BOJ : P10(470.250-462.830)",862491071209587,SSE(PW)/NAM,SEC(PW)SPK,470.250-462.830,Patrolman,1,470.250,462.830,"1.16 km",7.420,"3.09 km","Duty Not Completed"
11-11-2024,"Patrolman/SSE/PWI/NAM (Sec1-SPK) BOJ-SPK : P11(456.300-462.830)",862491071291502,SSE(PW)/NAM,SEC(PW)SPK,456.300-462.830,Patrolman,2,456.300,462.830,"3.39 km",6.530,"3.14 km","Duty Not Completed"
11-11-2024,"Patrolman/SSE/PWI/NAM (Sec1-SPK) BOJ-SPK : P11(456.300-462.830)",862491071291502,SSE(PW)/NAM,SEC(PW)SPK,456.300-462.830,Patrolman,1,456.300,462.830,"5.25 km",6.530,"1.12 km","Duty Not Completed"
11-11-2024,"Patrolman/SSE/PWI/NAM (Sec1-NHK) NHK-DJG : P4(ST/133-503.55)",862491071307431,SSE(PW)/NAM,SEC(PW)NHK,ST/133-503.55,Patrolman,1,ST/133,503.55,"8.18 km",18.000,"9.58 km","Duty Not Completed"
11-11-2024,"Patrolman/SSE/PWI/NAM (Sec1-NHK) DJG-NHK : P3(ST/136-503.55)",862491071328239,SSE(PW)/NAM,SEC(PW)NHK,ST/136-503.55,Patrolman,1,ST/136,503.55,"5.64 km",18.000,"12.31 km","Duty Not Completed"
11-11-2024,"Patrolman/SSE/PWI/NAM (Sec1-NHK) DJG-NHK : P3(ST/136-503.55)",862491071328239,SSE(PW)/NAM,SEC(PW)NHK,ST/136-503.55,Patrolman,2,ST/136,503.55,"9.57 km",18.000,"7.84 km","Duty Not Completed"
11-11-2024,"Patrolman/SSE/PWI/NAM (Sec1-NHK) NHK-NAM : P5(ST-133-493.2)",862491071246589,SSE(PW)/NAM,SEC(PW)SPK,ST-133,Patrolman,2,ST,133,"5.43 km",,"-5.73 km","Duty Not Completed"
11-11-2024,"Patrolman/SSE/PWI/NAM (Sec1-NHK) NHK-NAM : P5(ST-133-493.2)",862491071246589,SSE(PW)/NAM,SEC(PW)SPK,ST-133,Patrolman,1,ST,133,"5.62 km",,"-5.77 km","Duty Not Completed"
11-11-2024,"Patrolman/SSE/PWI/SLGR/E (Sec1-AGI) ST-109-MZA : P5(410.250-414.150)",862491071291940,SSE(PW)/SLGR/E,SEC(PW)AGI,410.250-414.150,Patrolman,2,410.250,414.150,"2.46 km",6.580,"4.06 km","Duty Not Completed"
11-11-2024,"Patrolman/SSE/PWI/SLGR/E (Sec1-AGI) ST-109-MZA : P5(410.250-414.150)",862491071291940,SSE(PW)/SLGR/E,SEC(PW)AGI,410.250-414.150,Patrolman,1,410.250,414.150,"4.99 km",6.580,"1.51 km","Duty Not Completed"
11-11-2024,"Patrolman/SSE/PWI/SLGR/E (Sec1-AGI) MZA-ST112 : P6(414.150-417.650)",862491071193005,SSE(PW)/SLGR/E,SEC(PW)AGI,414.150-417.650,Patrolman,2,414.150,417.650,"3.64 km",6.700,"3.06 km","Duty Not Completed"
11-11-2024,"Patrolman/SSE/PWI/SLGR/E (Sec1-AGI) MZA-ST112 : P6(414.150-417.650)",862491071193005,SSE(PW)/SLGR/E,SEC(PW)AGI,414.150-417.650,Patrolman,1,414.150,417.650,"3.04 km",6.700,"3.62 km","Duty Not Completed"
11-11-2024,"Patrolman/SSE/PWI/SLGR/E (Sec1-AGI) ST112-SLGR : P7(417.650-422.210)",862491071224248,SSE(PW)/SLGR/E,SEC(PW)AGI,417.650-422.210,Patrolman,2,417.650,422.210,"0 km",9.020,"8.95 km","Duty Not Completed"
11-11-2024,"Patrolman/SSE/PWI/SLGR/E (Sec1-AGI) ST112-SLGR : P7(417.650-422.210)",862491071224248,SSE(PW)/SLGR/E,SEC(PW)AGI,417.650-422.210,Patrolman,1,417.650,422.210,"4.31 km",9.020,"4.56 km","Duty Not Completed"
11-11-2024,"Patrolman/SSE/PWI/NAM (Sec1-SPK) NAM-BFD : P7(ST /131-483.12)",862491071250185,SSE(PW)/NAM,SEC(PW)SPK,"ST /131-483.12",Patrolman,1,"ST /131",483.12,"5.78 km",,"-6.03 km","Duty Not Completed"
11-11-2024,"Patrolman/SSE/PWI/NAM (Sec1-SPK) NAM-BFD : P7(ST /131-483.12)",862491071250185,SSE(PW)/NAM,SEC(PW)SPK,"ST /131-483.12",Patrolman,2,"ST /131",483.12,"4.86 km",,"-5.34 km","Duty Not Completed"
11-11-2024,"Patrolman/SSE/PWI/MXN (Sec1-TTB) FKG-KXL : P1(329.980-334.510)",862491071250789,SSE(PW)/MXN,JE(PW)TTB,329.980-334.510,Patrolman,1,329.980,334.510,"2.42 km",4.530,"2.11 km","Duty Not Completed"
11-11-2024,"Patrolman/SSE/PWI/SLGR/E (Sec1-AGI) Stock :(0.000-0.000)",862491071307779,SSE(PW)/SLGR/E,SEC(PW)AGI,0.000-0.000,Patrolman,1,0.000,0.000,"0.09 km",,"-0.21 km","Duty Not Completed"
11-11-2024,"Patrolman/SSE/PWI/SLGR/E (Sec1-AGI) Stock :(0.000-0.000)",862491071307779,SSE(PW)/SLGR/E,SEC(PW)AGI,0.000-0.000,Patrolman,4,0.000,0.000,"0.21 km",,"-0.21 km","Duty Not Completed"
11-11-2024,"Patrolman/SSE/PWI/SLGR/E (Sec1-AGI) Stock :(0.000-0.000)",862491071307779,SSE(PW)/SLGR/E,SEC(PW)AGI,0.000-0.000,Patrolman,3,0.000,0.000,"0 km",0.0,"0 km","Duty Not Completed"
11-11-2024,"Patrolman/SSE/PWI/SLGR/E (Sec1-AGI) Stock :(0.000-0.000)",862491071307779,SSE(PW)/SLGR/E,SEC(PW)AGI,0.000-0.000,Patrolman,2,0.000,0.000,"0.46 km",,"-0.58 km","Duty Not Completed"
11-11-2024,"Patrolman/SSE/PWI/MXN (Sec1-TTB) KXL-TTB : P3(339.040-347.350)",862491071307571,SSE(PW)/MXN,JE(PW)TTB,339.040-347.350,Patrolman,1,339.040,347.350,"2.75 km",8.310,"5.56 km","Duty Not Completed"
11-11-2024,"Patrolman/SSE/PWI/MXN (Sec1-TTB) KXL-TTB : P3(339.040-347.350)",862491071307571,SSE(PW)/MXN,JE(PW)TTB,339.040-347.350,Patrolman,2,339.040,347.350,"0 km",8.310,"8.31 km","Duty Not Completed"
11-11-2024,"Patrolman/SSE/PWI/SLGR/E (Sec1-LXA) SLGR-MUJN : P8(422.21-426.38)",862491071307613,SSE(PW)/SLGR/E,SEC(PW)AGI,422.21-426.38,Patrolman,1,422.21,426.38,"3.43 km",,"-3.56 km","Duty Not Completed"
11-11-2024,"Patrolman/SSE/PWI/SLGR/E (Sec1-LXA) SLGR-MUJN : P8(422.21-426.38)",862491071307613,SSE(PW)/SLGR/E,SEC(PW)AGI,422.21-426.38,Patrolman,2,422.21,426.38,"0 km",,"-1.94 km","Duty Not Completed"
11-11-2024,"Patrolman/SSE/PWI/MXN (Sec1-TTB) TTB-MXN : P6(362.210-368.340)",862491071307670,SSE(PW)/MXN,SEC(PW)MXN/Sec,362.210-368.340,Patrolman,1,362.210,368.340,"3.34 km",6.130,"2.48 km","Duty Not Completed"
11-11-2024,"Patrolman/SSE/PWI/SLGR/E (Sec1-AGI) ST117-ST118 : P10(430.55-434.35)",862491071201915,SSE(PW)/SLGR/E,SEC(PW)AGI,430.55-434.35,Patrolman,2,430.55,434.35,"0.3 km",,"-0.3 km","Duty Not Completed"
11-11-2024,"Patrolman/SSE/PWI/SLGR/E (Sec1-AGI) ST117-ST118 : P10(430.55-434.35)",862491071201915,SSE(PW)/SLGR/E,SEC(PW)AGI,430.55-434.35,Patrolman,1,430.55,434.35,"3.82 km",,"-3.82 km","Duty Not Completed"
11-11-2024,"Patrolman/SSE/PWI/SLGR/E (Sec1-AGI) Stock :(0.000-0.000)",862491071250516,SSE(PW)/SLGR/E,SEC(PW)AGI,0.000-0.000,Patrolman,1,0.000,0.000,"0.13 km",,"-0.23 km","Duty Not Completed"
11-11-2024,"Patrolman/SSE/PWI/SLGR/W (Sec1-MRHT) SRTN-MRHT : P7(52.300-45.00)",862491071191264,SSE(PW)/SLGR/W,SEC(PW)MRHT,52.300-45.00,Patrolman,1,52.300,45.00,"12.14 km",14.600,"1.76 km","Duty Not Completed"
11-11-2024,"Patrolman/SSE/PWI/SLGR/W(Sec1-MRHT) SRTN-MRHT:P4(30.8-23.8)",862491071329740,SSE(PW)/SLGR/W,SEC(PW)SRTN,30.8-23.8,Patrolman,1,30.8,23.8,"1.78 km",,"-1.78 km","Duty Not Completed"
11-11-2024,"Patrolman/SSE/PWI/SLGR/W (Sec1-SRTN) SLGR-SRTN : P1(0-7.9)",862491071224099,SSE(PW)/SLGR/W,SEC(PW)SRTN,0-7.9,Patrolman,1,0,7.9,"6.08 km",,"-6.08 km","Duty Not Completed"
11-11-2024,"Patrolman/SSE/PWI/SLGR/W (Sec1-SRTN) SLGR-SRTN : P1(0-7.9)",862491071224099,SSE(PW)/SLGR/W,SEC(PW)SRTN,0-7.9,Patrolman,2,0,7.9,"0 km",,"-0.06 km","Duty Not Completed"
11-11-2024,"Patrolman/SSE/PWI/SLGR/W (Sec1-MRHT) SRTN-MRHT : P6(37.9-45)",862491071328676,SSE(PW)/SLGR/W,SEC(PW)MRHT,37.9-45,Patrolman,2,37.9,45,"2.99 km",,"-2.99 km","Duty Not Completed"
11-11-2024,"Patrolman/SSE/PWI/SLGR/W (Sec1-MRHT) SRTN-MRHT : P6(37.9-45)",862491071328676,SSE(PW)/SLGR/W,SEC(PW)MRHT,37.9-45,Patrolman,1,37.9,45,"3.03 km",,"-3.03 km","Duty Not Completed"
11-11-2024,"Patrolman/SSE/PWI/SLGR/W (Sec1-MRHT) Stock :(0.000-0.000)",862491071312639,SSE(PW)/SLGR/W,SEC(PW)MRHT,0.000-0.000,Patrolman,1,0.000,0.000,"29.97 km",,"-30.72 km","Duty Not Completed"
11-11-2024,"Patrolman/SSE/PWI/SLGR/W (Sec1-MRHT) SRTN-MRHT : P5(30.8-37.9)",862491071312423,SSE(PW)/SLGR/W,SEC(PW)MRHT,30.8-37.9,Patrolman,1,30.8,37.9,"5.06 km",,"-5.12 km","Duty Not Completed"
11-11-2024,"Patrolman/SSE/PWI/SLGR/W (Sec1-SRTN) SRTN-MRHT : P3(15.800-23.800)",862491071213381,SSE(PW)/SLGR/W,SEC(PW)MRHT,15.800-23.800,Patrolman,1,15.800,23.800,"7.95 km",,"-8.04 km","Duty Not Completed"
11-11-2024,"Patrolman/SSE/PWI/SLGR/W (Sec1-SRTN) SRTN-MRHT : P3(15.800-23.800)",862491071213381,SSE(PW)/SLGR/W,SEC(PW)MRHT,15.800-23.800,Patrolman,2,15.800,23.800,"8.05 km",,"-8.39 km","Duty Not Completed"
11-11-2024,"Patrolman/SSE/PWI/MRG (Sec1-MJN) TII-AND : P2(13.320-7.200)",862491071184152,SSE(PW)/MRG,SEC(PW)MJN,13.320-7.200,Patrolman,1,13.320,7.200,"6.85 km",12.240,"5.14 km","Duty Not Completed"
11-11-2024,"Patrolman/SSE/PWI/MRG (Sec1-MJN) MJN-AND : P1(1.000-7.200)",862491071307498,SSE(PW)/MRG,SEC(PW)MJN,1.000-7.200,Patrolman,1,1.000,7.200,"4.96 km",12.400,"7.29 km","Duty Not Completed"
11-11-2024,"Patrolman/SSE/PWI/MRG (Sec1-MJN) DBY-PWI : P5(25.210-32.000)",862491071209454,SSE(PW)/MRG,JE(PW)MRG/Sec,25.210-32.000,Patrolman,3,25.210,32.000,"6.45 km",13.580,"7.08 km","Duty Not Completed"
11-11-2024,"Patrolman/SSE/PWI/MRG (Sec1-MJN) DBY-PWI : P5(25.210-32.000)",862491071209454,SSE(PW)/MRG,JE(PW)MRG/Sec,25.210-32.000,Patrolman,2,25.210,32.000,"4.11 km",13.580,"9.42 km","Duty Not Completed"
11-11-2024,"Patrolman/SSE/PWI/MRG (Sec1-MJN) DBY-PWI : P5(25.210-32.000)",862491071209454,SSE(PW)/MRG,JE(PW)MRG/Sec,25.210-32.000,Patrolman,1,25.210,32.000,"0 km",13.580,"13.58 km","Duty Not Completed"
11-11-2024,"Patrolman/SSE/PWI/MXN (Sec1-MXN) NCH-SLX : P11(385.44-390.76)",862491071307688,SSE(PW)/MXN,SEC(PW)MXN/Sec,385.44-390.76,Patrolman,1,385.44,390.76,"4.1 km",,"-4.14 km","Duty Not Completed"
11-11-2024,"Stock/SSE/PWI/MRG (Sec1-MJN) -- : Stock(---)",862491071184632,SSE(PW)/MRG,SEC(PW)MJN,-,Stock,1,,,"4.36 km",,"-4.55 km","Duty Not Completed"
11-11-2024,"Stock/SSE/PWI/MRG (Sec1-MJN) -- : Stock(---)",862491071184632,SSE(PW)/MRG,SEC(PW)MJN,-,Stock,2,,,"5.4 km",,"-5.45 km","Duty Not Completed"
11-11-2024,"Patrolman/SSE/PWI/SPTR (Sec1-DMC) BBNB-SPTR : P7(384.9-388.23)",862491071213753,SSE/PW/SPTR,SEC(PW)DMC,384.9-388.23,Patrolman,1,384.9,388.23,"21.15 km",,"-21.23 km","Duty Not Completed"
11-11-2024,"Patrolman/SSE/PWI/MRG (Sec1-MJN) DBY-BGPI : P4(25.21-19.4)",862491071273385,SSE(PW)/MRG,SEC(PW)MJN,25.21-19.4,Patrolman,2,25.21,19.4,"5.54 km",,"-5.67 km","Duty Not Completed"
11-11-2024,"Patrolman/SSE/PWI/MRG (Sec1-MJN) DBY-BGPI : P4(25.21-19.4)",862491071273385,SSE(PW)/MRG,SEC(PW)MJN,25.21-19.4,Patrolman,1,25.21,19.4,"0 km",0.0,"0 km","Duty Not Completed"
11-11-2024,"Patrolman/SSE/PWI/MXN (Sec1-TTB) SLX-AGI : P12(390.760-396.200)",862491071332942,SSE(PW)/MXN,SEC(PW)MXN/Sec,390.760-396.200,Patrolman,1,390.760,396.200,"0.65 km",5.440,"4.79 km","Duty Not Completed"
11-11-2024,"Patrolman/SSE/PWI/MXN (Sec1-TTB) SLX-AGI : P12(390.760-396.200)",862491071332942,SSE(PW)/MXN,SEC(PW)MXN/Sec,390.760-396.200,Patrolman,2,390.760,396.200,"0.47 km",5.440,"4.97 km","Duty Not Completed"
11-11-2024,"Patrolman/SSE/PWI/SPTR (Sec1-DMC) DIPA-JIZ : P10(407.55-416.03)",862491071272916,SSE/PW/SPTR,SEC(PW)DMC,407.55-416.03,Patrolman,2,407.55,416.03,"4.53 km",,"-4.59 km","Duty Not Completed"
11-11-2024,"Patrolman/SSE/PWI/SPTR (Sec1-DMC) DIPA-JIZ : P10(407.55-416.03)",862491071272916,SSE/PW/SPTR,SEC(PW)DMC,407.55-416.03,Patrolman,1,407.55,416.03,"9.2 km",,"-9.7 km","Duty Not Completed"
11-11-2024,"Patrolman/SSE/PWI/NLP/E (Sec1-NLP) SOB:NLP : P1(295.82-290.65)",862491071273047,SSE/PW/NLP(E),SEC/PW/NLP,-,Patrolman,1,,,"25.12 km",,"-26.01 km","Duty Not Completed"
11-11-2024,"Stock/SSE/PWI/Stock (Sec1-Stock)  :(-)",862491071273419,"Sr DEN Cord",Div-Stock,-,Stock,2,,,"2.16 km",,"-5.34 km","Duty Not Completed"
11-11-2024,"Stock/SSE/PWI/Stock (Sec1-Stock)  :(-)",862491071273419,"Sr DEN Cord",Div-Stock,-,Stock,1,,,"4.12 km",,"-4.26 km","Duty Not Completed"
11-11-2024,"Patrolman/SSE/PWI/SPTR (Sec1-DMC) JKY-LMY : P13(441.97-432.67)",862491071307795,SSE/PW/SPTR,SEC(PW)DMC,441.97-432.67,Patrolman,1,441.97,432.67,"9.25 km",15.000,"5.57 km","Duty Not Completed"
11-11-2024,"Patrolman/SSE/PWI/SPTR (Sec1-DMC) JKY-LMY : P13(441.97-432.67)",862491071307795,SSE/PW/SPTR,SEC(PW)DMC,441.97-432.67,Patrolman,2,441.97,432.67,"7.68 km",15.000,"6.76 km","Duty Not Completed"
11-11-2024,"Patrolman/SSE/PWI/FKG (Sec1-BBGN) GLGT-NMGY : P2(7.080-15.120)",862491071279366,SSE(PW)/FKG,SEC(PW)BBGN,7.080-15.120,Patrolman,1,7.080,15.120,"6.49 km",16.080,"9.5 km","Duty Not Completed"
11-11-2024,"Patrolman/SSE/PWI/PNT (Sec1-NTSK) NTSK-SPGN : P7(0-3.49)",860103069823400,SSE(PW)/PNT,SEC(PW)NTSK,0-3.49,Patrolman,1,0,3.49,"3.85 km",,"-3.85 km","Duty Not Completed"
11-11-2024,"Patrolman/SSE/PWI/PNT (Sec1-NTSK) NTSK-SPGN : P7(0-3.49)",860103069823400,SSE(PW)/PNT,SEC(PW)NTSK,0-3.49,Patrolman,2,0,3.49,"3.84 km",,"-3.87 km","Duty Not Completed"
11-11-2024,"Patrolman/SSE/PWI/NLP/E (Sec1-NLP) LBI:BGND : P5(313.5-308.8)",860103069877802,SSE/PW/NLP(E),SEC/PW/NLP,-,Patrolman,1,,,"16.04 km",,"-20.27 km","Duty Not Completed"
11-11-2024,"Patrolman/SSE/PWI/NLP/E (Sec1-NLP) LBI:BGND : P6(313.5-317.6)",860103069735943,SSE/PW/NLP(E),SEC/PW/NLP,-,Patrolman,2,,,"8.18 km",,"-8.53 km","Duty Not Completed"
11-11-2024,"Patrolman/SSE/PWI/NLP/E (Sec1-NLP) LBI:BGND : P6(313.5-317.6)",860103069735943,SSE/PW/NLP(E),SEC/PW/NLP,-,Patrolman,1,,,"6.59 km",,"-6.84 km","Duty Not Completed"
11-11-2024,"Patrolman/SSE/PWI/NLP/E (Sec1-NLP) NLP:LBI : P3(304.27-300.2)",860103069877729,SSE/PW/NLP(E),SEC/PW/NLP,-,Patrolman,2,,,"7.61 km",,"-7.96 km","Duty Not Completed"
11-11-2024,"Patrolman/SSE/PWI/NLP/E (Sec1-NLP) NLP:LBI : P3(304.27-300.2)",860103069877729,SSE/PW/NLP(E),SEC/PW/NLP,-,Patrolman,1,,,"6.42 km",,"-6.71 km","Duty Not Completed"
11-11-2024,"Patrolman/SSE/PWI/NLP/E (Sec1-NLP) GOM:BDLN : P12(339.580-343.700)",860103069792860,SSE/PW/NLP(E),SEC/PW/NLP,-,Patrolman,1,,,"0 km",0.0,"0 km","Duty Not Completed"
11-11-2024,"Patrolman/SSE/PWI/NLP/E (Sec1-NLP) GOM:BDLN : P12(339.580-343.700)",860103069792860,SSE/PW/NLP(E),SEC/PW/NLP,-,Patrolman,2,,,"15.36 km",,"-16.11 km","Duty Not Completed"
11-11-2024,"Patrolman/SSE/PWI/NLP/E (Sec1-NLP) BDLN:DMC : P17(359.350-356.610)",862491071219909,SSE/PW/NLP(E),SEC/PW/NLP,-,Patrolman,2,,,"5.75 km",,"-6.6 km","Duty Not Completed"
11-11-2024,"Patrolman/SSE/PWI/NLP/E (Sec1-NLP) NLP:LBI : P2(295.82-300.2)",860103069877703,SSE/PW/NLP(E),SEC/PW/NLP,-,Patrolman,1,,,"0 km",,"-0.37 km","Duty Not Completed"
11-11-2024,"Patrolman/SSE/PWI/NLP/E (Sec1-NLP) NLP:LBI : P2(295.82-300.2)",860103069877703,SSE/PW/NLP(E),SEC/PW/NLP,-,Patrolman,2,,,"8.2 km",,"-8.33 km","Duty Not Completed"
11-11-2024,"Patrolman/SSE/PWI/NLP/E (Sec1-NLP) GOM:BDLN : P14(345.7-348.5)",862491071206708,SSE/PW/NLP(E),SEC/PW/NLP,-,Patrolman,1,,,"6.73 km",,"-6.94 km","Duty Not Completed"
11-11-2024,"Patrolman/SSE/PWI/NLP/E (Sec1-NLP) GOM:BDLN : P14(345.7-348.5)",862491071206708,SSE/PW/NLP(E),SEC/PW/NLP,-,Patrolman,3,,,"6.74 km",,"-7.23 km","Duty Not Completed"
11-11-2024,"Patrolman/SSE/PWI/NLP/E (Sec1-NLP) GOM:BDLN : P14(345.7-348.5)",862491071206708,SSE/PW/NLP(E),SEC/PW/NLP,-,Patrolman,2,,,"0 km",0.0,"0 km","Duty Not Completed"
11-11-2024,"Patrolman/SSE/PWI/DBRG (Sec1-TNGN) NSBG-BBNB : P5(39.500-46.300)",862491071261174,SSE(PW)/DBRG,SEC(PW)TNGN,39.500-46.300,Patrolman,2,39.500,46.300,"11.47 km",,"-11.78 km","Duty Not Completed"
11-11-2024,"Patrolman/SSE/PWI/DBRG (Sec1-TNGN) NSBG-BBNB : P5(39.500-46.300)",862491071261174,SSE(PW)/DBRG,SEC(PW)TNGN,39.500-46.300,Patrolman,1,39.500,46.300,"3.12 km",,"-3.22 km","Duty Not Completed"
11-11-2024,"Patrolman/SSE/PWI/DBRG (Sec1-TNGN) KOWN-LPK : P10(11.800-21.800)",862491071326076,SSE(PW)/DBRG,SEC(PW)TNGN,11.800-21.800,Patrolman,1,11.800,21.800,"6.75 km",,"-10.95 km","Duty Not Completed"
11-11-2024,"Patrolman/SSE/PWI/DBRG (Sec1-TNGN) KOWN-LPK : P10(11.800-21.800)",862491071326076,SSE(PW)/DBRG,SEC(PW)TNGN,11.800-21.800,Patrolman,2,11.800,21.800,"10.56 km",,"-10.64 km","Duty Not Completed"
11-11-2024,"Patrolman/SSE/PWI/SPTR (Sec1-DMC) JYK:MZS : P14(441.97-449.6)",862491071211047,SSE/PW/SPTR,SEC(PW)DMC,-,Patrolman,2,,,"8.04 km",14.000,"5.78 km","Duty Not Completed"
11-11-2024,"Patrolman/SSE/PWI/SPTR (Sec1-DMC) JYK:MZS : P14(441.97-449.6)",862491071211047,SSE/PW/SPTR,SEC(PW)DMC,-,Patrolman,1,,,"8.75 km",14.000,"4.99 km","Duty Not Completed"
